<?xml version="1.0" encoding="UTF-8"?>
<project-private xmlns="http://www.netbeans.org/ns/project-private/1">
    <editor-bookmarks xmlns="http://www.netbeans.org/ns/editor-bookmarks/2" lastBookmarkId="0"/>
    <open-files xmlns="http://www.netbeans.org/ns/projectui-open-files/2">
        <group>
            <file>file:/C:/Users/Huy%20NQ/Documents/LTM-PTIT/VideoCall_TCP_RMI/ClientTCP_RMI/src/control/ClientCtr.java</file>
            <file>file:/C:/Users/Huy%20NQ/Documents/LTM-PTIT/VideoCall_TCP_RMI/ClientTCP_RMI/src/view/ListRequestsDetailFrm.java</file>
            <file>file:/C:/Users/Huy%20NQ/Documents/LTM-PTIT/VideoCall_TCP_RMI/ClientTCP_RMI/src/view/ListRequestsFrm.java</file>
        </group>
    </open-files>
</project-private>
